Marcas,Abarth,Acadian,Acura,Alfa Romeo,Asia,Aston Martin,Audi,Austin,Autorrad,BAW,BMW,BYD,Baic,Bentley,Boogie,Borgward,Brilliance,Bugatti,Buick,Cadillac,Can-Am,Changan,Changhe,Chery,Chevrolet,Chrysler,Citroen,Cupra,DFM,DFSK,DKW,DS,Daewoo,Daihatsu,Datsun,Dodge,Dongfeng,Exeed,FAW,Ferrari,Fiat,Ford,Foton,Freightliner,GAC,GAC Gonow,GMC,Geely,Genesis,Great Wall,Hafei,Haima,Haval,Hino,Honda,Huanghai-SG,Hudson,Hummer,Hyundai,Infiniti,International,Isuzu,Iveco,JAC,JMC,Jaecoo,Jaguar,Jeep,Jetour,Jim,Jinbei,KYC,Kaiyi,Karry,Kawasaki,Kenbo,Kia,Lada,Lamborghini,Land Rover,Landking,Lexus,Lifan,Lincoln,Livan,Lotus,MG,MINI,Mahindra,Maple,Maruti,Maserati,Maxus,Mazda,McLaren,Mercedes-Benz,Mercury,Mitsubishi,Morgan,Nissan,Oldsmobile,Omoda,Opel,Packard,Pagani,Perodua,Peugeot,Piaggio,Plymouth,Polaris,Pontiac,Porsche,Proton,Ram,Range Rover,Renault,Riddara,Roewe,Rolls-Royce,Rover,SEAT,SWM,Saab,Saic Motor,Samsung,Saturn,Scania,Shelby,Shineray,Simca,Skoda,Smart,SsangYong,Subaru,Suzuki,Tata Motors,Tesla,Togg,Toyota,Triumph,UAZ,Varios,Volkswagen,Voltera,Volvo,Vortex,Western Star,Willys,Yamaha,ZNA,ZXAuto,Zotye
Modelo,Varios,Varios,Varios,Varios,Varios,Varios,Varios,Varios,Varios,Varios,Varios,Varios,Varios,Varios,Varios,Varios,Varios,Varios,Varios,Varios,Varios,Varios,Varios,Varios,Varios,Varios,Varios,Varios,Varios,Varios,Varios,Varios,Varios,Varios,Varios,Varios,Varios,Varios,Varios,Varios,Varios,Varios,Varios,Varios,Varios,Varios,Varios,Varios,Varios,Varios,Varios,Varios,Varios,Varios,Varios,Varios,Varios,Varios,Varios,Varios,Varios,Varios,Varios,Varios,Varios,Varios,Varios,Varios,Varios,Varios,Varios,Varios,Varios,Varios,Varios,Varios,Varios,Varios,Varios,Varios,Varios,Varios,Varios,Varios,Varios,Varios,Varios,Varios,Varios,Varios,Varios,Varios,Varios,Varios,Varios,Varios,Varios,Varios,Varios,Varios,Varios,Varios,Varios,Varios,Varios,Varios,Varios,Varios,Varios,Varios,Varios,Varios,Varios,Varios,Varios,Varios,Varios,Varios,Varios,Varios,Varios,Varios,Varios,Varios,Varios,Varios,Varios,Varios,Varios,Varios,Varios,Varios,Varios,Varios,Varios,Varios,Varios,Varios,Varios,Varios,Varios,Varios,Varios,Varios,Varios,Varios,Varios,Varios,Varios,Varios,Varios,Varios
Modelo,124 Spider,Beaumont,ILX,4C,Cosmos,DB11,A1,Allegro,A1,BJ2020,1 Series,Dolphin,X25,Bentayga,Beach,BX5,H230,Centodieci,Enclave,ATS,Commander,CS35,Freedom,Arrizo,Aveo,300,C3,Ateca,370,C31,F1,DS 3,Lanos,Charade,GO,Challenger,D90,LX,Besturn B30,F8 Tributo,124 Spider,Bronco,Auman,Cascadia,GA8,GA3,Acadia,Coolray,G70,Deer,Lobo,7X,F7,300 Series,Accord,Admiral,Commodore,EV,Accent,Q50,CXT,D-Max,Daily,E10X,Boarding,J5,F-PACE,Cherokee,Dashing,J1,Granse,A1,E3,K30,KLR650,K1,Cadenza,Granta,Aventador,Discovery,CK1,ES,Breez,Aviator,S1,Elise,3,Clubman,Bolero,30X,Baleno,Ghibli,C35,2,720S,A-Class,Grand Marquis,4P10,3 Wheeler,Altima,Alero,3,Astra,Caribbean,Huayra,Aruz,106,Ape,Barracuda,General,Firebird,911,Exora,1500,Autobiography,Alaskan,R1,RX5,Cullinan,200,Arona,G01,9-3,MG ZS,QM6,Aura,G Series,Cobra,A7,1000,Fabia,EQ ForTwo,Korando,Ascent,APV,Altroz,Cybertruck,B-SUV,4Runner,GT6,Hunter,,Amarok,V1,C30,Corda,4700,Aero,MT-07,Admiral,Admiral,SR9
Modelo,500,Canso,MDX,Giulia,Motors AM,DBS,A3,Healey,A2,BJ212,2 Series,E6,X35,Continental GT,Buggy,BX7,H530,Chiron,Encore,CT4,Defender,CS55,Ideal,Fulwin,Blazer,Pacifica,C4,Born,580,C32,F89,DS 4,Leganza,Mira,GO+,Charger,Fengshen,RX,Besturn X40,Portofino,500,EcoSport,Aumark,Columbia,GS3,GA4,Canyon,Emgrand,G80,Haval H6,Minyi,8S,H2,500 Series,BR-V,N1,Hornet,H1,Accent 2023,Q60,Harvester,MU-X,Eurocargo,J3,Teshun,J6,I-PACE,Compass,X70,J2,H2,A2,E5,K50,Ninja,K3,Carnival,Kalina,Gallardo,Discovery Sport,CK2,LS,Smily,Continental,S2,Emira,350,Convertible,Scorpio,60S,Dzire,Levante,D60,3,765LT,AMG GT,Mariner,ASX,Aero 8,Armada,Aurora,5,Corsa,Clipper,Huayra R,Axia,108,Beverly,Duster,RZR,GTO,Cayenne,Persona,2500,Evoque,Captur,R2,RX8,Ghost,25,Ateca,G05,9-5,MG6,SM3,Ion,P Series,GT350,A9,1100,Kamiq,ForFour,Musso,BRZ,Alto,Harrier,Model 3,C-Crossover,86,Herald,Patriot,,Arteon,V2,C40,Costa,4900,Americar,MT-09,Grand Tiger,Grand Tiger,T600
Modelo,595,Custom,NSX,Giulietta,Rocsta,DBX,A4,Mini,A3,BJ40,3 Series,Han,X55,Flying Spur,Classic,BXi7,V3,Divo,Envision,CT5,Maverick,CS75,M50,QQ,Camaro,Town & Country,C4 Cactus,Formentor,AX7,Glory 500,F91,DS 5,Matiz,Rocky,on-DO,Dart,Fengshen AX7,TX,Vita,Roma,500L,Edge,Gratour,M2,GS4,GA5,Hummer,Geometry A,G90,Hover,Ruiyi,M6,H4,700 Series,CR-V,N2,Pacemaker,H2,Bayon,QX50,Loadstar,NKR,S-Way,J4,Vigus,J7,XE,Gladiator,X90,J3,Haise,B1,X3,K60,Versys,K5,Cerato,Niva,Huracán,Evoque,CK3,NX,Solano,Corsair,S3,Evora,5,Cooper,Thar,70V,Swift,MC20,D90,323,Artura,B-Class,Milan,Canter,Plus Four,Frontier,Bravada,7,Crossland,Executive,Utopia,Bezza,2008,MP3,Fury,Ranger,Grand Prix,Panamera,Saga,3500,Sport,Clio,R3,ei6,Phantom,45,Ibiza,G07,900,Roewe RX5,SM5,Outlook,R Series,GT500,T20,1300,Karoq,ForTwo,Rexton,Crosstrek,Baleno,Nexon,Model S,C-SUV,Alphard,Spitfire,Pickup,,Atlas,V3,C60,Estina,5700,Jeep,R1,Rich,Grandtiger,T700
Modelo,695,Invader,RDX,Stelvio,Topic,Vantage,A5,Princess,B1,BJ80,4 Series,Qin,X65,Mulsanne,Racer,Hansa,V5,Veyron,LaCrosse,Escalade,Outlander,CS85,M70,Tiggo,Camaro 2023,Voyager,C5,Leon,DFA,Glory 580,F93,DS 7,Nubira,Sirion,redi-GO,Durango,Glory,TXL,Xiali N5,SF90 Stradale,500X,Escape,Sauvana,Sprinter,GS8,GS3,Sierra,Geometry C,GV80,Wingle,Saibao,S5,H5,Ranger,City,N3,Super Six,H3,Elantra,QX80,Scout,NLR,Stralis,J5,Yuhu,J8,XF,Grand Cherokee,X95,J4,S50,B2,X5,Q22,Vulcan,K7,Forte,Priora,Revuelto,Freelander,CK4,RX,X60,Nautilus,S4,Exige,6,Cooper S,XUV500,80V,Vitara,Quattroporte,Deliver 9 Cargo,5,GT,C-Class,Mountaineer,Delica,Plus Six,GT-R,Cutlass,9,Grandland,Patrician,Zonda,Myvi,206,Porter,GTX,Slingshot,Trans Am,Taycan,X70,4500,Velar,Duster,R4,i6,Wraith,75,Leon,X3,9000,Roewe i5,SM6,Sky,S Series,Super Snake,T30,1500,Kodiaq,Roadster,Tivoli,Forester,Celerio,Safari,Model X,Sedan,Avalon,Stag,Profi,,Beetle,V4,C70,Tingo,6900,Knight,R6,Tunland,Landmark,Z300
Modelo,Punto,Sport Deluxe,TLX,,Towner,,A6,Seven,Classic,,5 Series,Seal,,,Sport,Isabella,,,,XT4,Ryker,CS95,Q25,Tiggo 2,Captiva,,C5 X,,DFM Mini,K01,Monza,DS 9,,Terios,,Journey,Rich 6,VX,,,Argo,Expedition,Toano,,,GS4,Terrain,Icon,,,Zhongyi,,H6,,Civic,Plutus,Wasp,,Genesis,,Travelall,NPR,,J7,,J9,,Patriot,,J5,X30,C1,X7,Q25,Z900,K9,K5,Vesta,Urus,Range Rover,CK5,,,Navigator,S5,,GS,Countryman,,90V,,,Deliver 9 Escolar,6,,CLA,Sable,Diamante,Roadster,Juke,Delta 88,C5,Insignia,Super Eight,,,207,,Road Runner,Sportsman,,,,ProMaster,Vogue,Fluence,R5,,,SD1,Tarraco,X7,99,,SM7,Vue,,,X30,Aronde,Octavia,,,Impreza,Ciaz,,Model Y,,C-HR,TR6,,,Bora,V5,S40,,,Overland,TMAX,,Terralord,
Modelo,,,2025 MDX,,,,A7,,,,6 Series,Song,,,,,,,,XT5,,Eado,,Tiggo 3,Captiva 2.2,,C6,,Dongfeng,,,,,Xenia,,Magnum,Rich 8,,,,Bravo,F-150,Tunland,,,,Yukon,NL-3,,,,,H7,,Element,,,,Grand i10,,,NPS,,S2,,,,Renegade,,,,,,,,,K7,,,Range Rover Sport,,,,,,,GS6,Electric,,,,,Deliver 9 Pasajeros,626,,CLS,,Eclipse Cross,,Kicks,,,Karl,,,,208,,,,,,,Rebel,,Kadjar,,,,,Toledo,,,,,,,,,,Rapid,,,Legacy,Dzire,,,,Camry,,,,CC,,S60,,,,,,,
Modelo,,,,,,,A8,,,,7 Series,Tang,,,,,,,,XT6,,Hunter,,Tiggo 4,Cavalier,,Jumper,,,,,,,YRV,,Neon,S50,,,,Cronos,Fiesta,,,,,,Panda,,,,,H8,,Fit,,,,IX20,,,NQR,,S3,,,,Wagoneer,,,,,,,,,K8,,,Range Rover Velar,,,,,,,GS8,JCW,,,,,ET-1825,929,,E-Class,,Endeavor,,Leaf,,,Mokka,,,,3008,,,,,,,TRX,,Kangoo,,,,,,,,,,,,,,,Roomster,,,Levorg,Ertiga,,,,Celica,,,,Caddy,,S70,,,,,,,
Modelo,,,,,,,Q2,,,,8 Series,Yuan,,,,,,,,,,Linmax,,Tiggo 5,Cheyenne,,Jumpy,,,,,,,,,Nitro,T5,,,,Doblo,Focus,,,,,,Preface,,,,,H9,,HR-V,,,,IX35,,,Reward,,S5,,,,Wrangler,,,,,,,,,K9,,,,,,,,,,MG3,One,,,,,ET-1849,Atenza,,EQA,,Evolution,,Maxima,,,Vectra,,,,308,,,,,,,,,Koleos,,,,,,,,,,,,,,,Scout,,,Outback,Grand Vitara,,,,Century,,,,California,,S80,,,,,,,
Modelo,,,,,,,Q3,,,,M2,,,,,,,,,,,Raeton,,Tiggo 5x,Colorado,,SpaceTourer,,,,,,,,,RAM,T7,,,,Ducato,Fusion,,,,,,SC7,,,,,HB01,,Insight,,,,IX55,,,,,S7,,,,,,,,,,,,,Mohave,,,,,,,,,,MG4,Paceman,,,,,ET-2325,BT-50,,EQB,,Expander,,Micra,,,Zafira,,,,308 2023,,,,,,,,,Laguna,,,,,,,,,,,,,,,Superb,,,STI,Ignis,,,,Corolla,,,,Constellation,,S90,,,,,,,
Modelo,,,,,,,Q4,,,,M3,,,,,,,,,,,UNI-K,,Tiggo 6,Corsa,,,,,,,,,,,Spirit,,,,,Fiorino,Galaxy,,,,,,SX11,,,,,Jolion,,Jazz,,,,Ioniq,,,,,T6,,,,,,,,,,,,,Morning,,,,,,,,,,MG5,Roadster,,,,,ET-2549,CX-3,,EQC,,FTO,,Murano,,,,,,,405,,,,,,,,,Latitude,,,,,,,,,,,,,,,Yeti,,,,Jimny,,,,Corolla Cross,,,,Crafter,,V40,,,,,,,
Modelo,,,,,,,Q5,,,,M4,,,,,,,,,,,UNI-T,,Tiggo 7,Corvette,,,,,,,,,,,Stratus,,,,,Freemont,Ka,,,,,,SX12,,,,,,,Legend,,,,Kona,,,,,T8,,,,,,,,,,,,,Niro,,,,,,,,,,MG6,,,,,,ET-4849 8x4 tolva,CX-30,,EQE,,Fuso,,NP300,,,,,,,406,,,,,,,,,Logan,,,,,,,,,,,,,,,,,,,Kizashi,,,,Crown,,,,Golf,,V50,,,,,,,
Modelo,,,,,,,Q7,,,,M5,,,,,,,,,,,,,Tiggo 7 Pro,Cruze,,,,,,,,,,,Viper,,,,,Idea,Kuga,,,,,,,,,,,,,N-Box,,,,Matrix,,,,,,,,,,,,,,,,,,Opirus,,,,,,,,,,MG7,,,,,,ET-516,CX-4,,EQS,,Galant,,NV200,,,,,,,407,,,,,,,,,Megane,,,,,,,,,,,,,,,,,,,Maruti,,,,FJ Cruiser,,,,ID.3,,V60,,,,,,,
Modelo,,,,,,,Q8,,,,M6,,,,,,,,,,,,,Tiggo 8,Cruze 1.8,,,,,,,,,,,,,,,,Linea,Maverick,,,,,,,,,,,,,NSX,,,,Palisade,,,,,,,,,,,,,,,,,,Optima,,,,,,,,,,MG8,,,,,,ET-916,CX-5,,G-Class,,L200,,NV350,,,,,,,408,,,,,,,,,Modus,,,,,,,,,,,,,,,,,,,SX4,,,,Fortuner,,,,ID.4,,V70,,,,,,,
Modelo,,,,,,,R8,,,,M8,,,,,,,,,,,,,Tiggo 8 Pro,D-Max,,,,,,,,,,,,,,,,Mobi,Mondeo,,,,,,,,,,,,,Odyssey,,,,Santa Fe,,,,,,,,,,,,,,,,,,Pegas,,,,,,,,,,Marvel R,,,,,,G10 Cargo,CX-60,,GLA,,Lancer,,Note,,,,,,,5008,,,,,,,,,Sandero,,,,,,,,,,,,,,,,,,,SX4 S-Cross,,,,GR Supra,,,,ID.5,,V90,,,,,,,
Modelo,,,,,,,RS Q3,,,,X1,,,,,,,,,,,,,,Dmax 2014,,,,,,,,,,,,,,,,Palio,Mustang,,,,,,,,,,,,,Passport,,,,Sonata,,,,,,,,,,,,,,,,,,Picanto,,,,,,,,,,ZS,,,,,,G10 Minibús,CX-7,,GLB,,Mirage,,Pathfinder,,,,,,,508,,,,,,,,,Scenic,,,,,,,,,,,,,,,,,,,Swift,,,,GR86,,,,ID.6,,XC40,,,,,,,
Modelo,,,,,,,RS Q8,,,,X2,,,,,,,,,,,,,,Equinox,,,,,,,,,,,,,,,,Punto,Puma,,,,,,,,,,,,,Pilot,,,,Staria,,,,,,,,,,,,,,,,,,Pregio,,,,,,,,,,ZS EV,,,,,,G90,CX-8,,GLC,,Montero,,Primera,,,,,,,607,,,,,,,,,Symbol,,,,,,,,,,,,,,,,,,,Vitara,,,,Highlander,,,,Jetta,,XC60,,,,,,,
Modelo,,,,,,,RS3,,,,X3,,,,,,,,,,,,,,Joy,,,,,,,,,,,,,,,,Qubo,Ranger,,,,,,,,,,,,,Prelude,,,,Terracan,,,,,,,,,,,,,,,,,,Pride,,,,,,,,,,,,,,,,MIFA 9,CX-9,,GLE,,Outlander,,Pulsar,,,,,,,806,,,,,,,,,Talisman,,,,,,,,,,,,,,,,,,,Wagon R,,,,Hilux,,,,Passat,,XC70,,,,,,,
Modelo,,,,,,,RS4,,,,X4,,,,,,,,,,,,,,Montana,,,,,,,,,,,,,,,,Siena,Raptor,,,,,,,,,,,,,Ridgeline,,,,Tucson,,,,,,,,,,,,,,,,,,ProCeed,,,,,,,,,,,,,,,,T60,Demio,,GLK,,Outlander PHEV,,Qashqai,,,,,,,807,,,,,,,,,Twingo,,,,,,,,,,,,,,,,,,,XL6,,,,Land Cruiser,,,,Polo,,XC90,,,,,,,
Modelo,,,,,,,RS5,,,,i3,,,,,,,,,,,,,,N300,,,,,,,,,,,,,,,,Stilo,Taurus,,,,,,,,,,,,,S2000,,,,i10,,,,,,,,,,,,,,,,,,Rio,,,,,,,,,,,,,,,,T90,MX-3,,GLS,,Pajero,,Quest,,,,,,,Expert,,,,,,,,,Zoe,,,,,,,,,,,,,,,,,,,,,,,Land Cruiser Prado,,,,Scirocco,,,,,,,,,
Modelo,,,,,,,RS6,,,,i4,,,,,,,,,,,,,,Onix,,,,,,,,,,,,,,,,Strada,Territory,,,,,,,,,,,,,S660,,,,i20,,,,,,,,,,,,,,,,,,Seltos,,,,,,,,,,,,,,,,T90 EV,MX-5,,GT,,Pajero Sport,,RD28,,,,,,,iOn,,,,,,,,,,,,,,,,,,,,,,,,,,,,,,,,Mirai,,,,Sharan,,,,,,,,,
Modelo,,,,,,,RS7,,,,i7,,,,,,,,,,,,,,Orlando,,,,,,,,,,,,,,,,Tipo,Transit,,,,,,,,,,,,,Stream,,,,i30,,,,,,,,,,,,,,,,,,Sonet,,,,,,,,,,,,,,,,eDeliver 3,MX-6,,GTS,,Rosa,,Rogue,,,,,,,,,,,,,,,,,,,,,,,,,,,,,,,,,,,,,,,Prius,,,,T-Cross,,,,,,,,,
Modelo,,,,,,,S3,,,,i8,,,,,,,,,,,,,,S10,,,,,,,,,,,,,,,,Toro,,,,,,,,,,,,,,Type R,,,,i40,,,,,,,,,,,,,,,,,,Soul,,,,,,,,,,,,,,,,eDeliver 9,Protege,,ML-Class,,i-MiEV,,Sentra,,,,,,,,,,,,,,,,,,,,,,,,,,,,,,,,,,,,,,,RAV4,,,,T-Roc,,,,,,,,,
Modelo,,,,,,,e-tron,,,,iX,,,,,,,,,,,,,,Sail,,,,,,,,,,,,,,,,Uno,,,,,,,,,,,,,,Vezel,,,,i800,,,,,,,,,,,,,,,,,,Sportage,,,,,,,,,,,,,,,,,,,Sprinter,,,,,,,,,,,,,,,,,,,,,,,,,,,,,,,,,,,,,,,,,,,,,,,,,,,,,,,,
