Sistema,Accesorios,Carrocería,Frenos,Mantenimiento general,Motor,Sistema de combustible,Sistema de escape,Sistema de refrigeración,Sistema de transmisión,Sistema eléctrico,Suspensión,Tren delantero
Componente,Espejos retrovisores,Capó,Cilindro de freno,Aceite,Bomba de aceite,Bomba de bencina,Catalizador,Bomba de agua,Caja de cambios,Alternador,Amortiguadores,Alineación
Componente,Focos,Espejos,Discos,Bujías,Cigüeñal,Filtro de combustible,Silenciador,Mangueras,Diferencial,Baterías,Barras estabilizadoras,Bujes
Componente,Limpiaparabrisas,Guardabarros,Líquido de frenos,Compresor aire acondicionado,Culata,Inyectores,Tubos de escape,Radiador,Dirección,Cables,Bujes,Dirección
Componente,Tapicería,Parachoques,Pastillas,Correas de distribución,Empaquetaduras,Tanque de bencina,,Termostato,Ejes,Módulos de control,Neumáticos,Rótulas
Componente,,Portalón,Pinzas,Filtro de aceite,Filtros,,,,Embrague,Sensores,Resortes,Terminales de dirección
Componente,,Puertas,Sensores,Filtro de aceite de transmisión,Motor,,,,,,Rótulas,
Componente,,,Tambor de freno,Filtro de aire,Pistones,,,,,,,
Componente,,,,Filtro de polen o habitáculo,Retenes,,,,,,,
Componente,,,,Líquido refrigerante,Soportes,,,,,,,
Componente,,,,Porta filtro de aire,Turbocompresor,,,,,,,
Componente,,,,Telecomando,,,,,,,,
Componente,,,,,,,,,,,,
Componente,,,,,,,,,,,,
Componente,,,,,,,,,,,,
Componente,,,,,,,,,,,,
Componente,,,,,,,,,,,,
Componente,,,,,,,,,,,,
Componente,,,,,,,,,,,,
Componente,,,,,,,,,,,,
Componente,,,,,,,,,,,,
Componente,,,,,,,,,,,,
Componente,,,,,,,,,,,,
Componente,,,,,,,,,,,,
Componente,,,,,,,,,,,,
Componente,,,,,,,,,,,,
Componente,,,,,,,,,,,,
Componente,,,,,,,,,,,,
Componente,,,,,,,,,,,,
Componente,,,,,,,,,,,,
